ReviewID,Content,Score,ThumbsUpCount,at,AppVersion
c97ec484-677d-4d17-b330-39502dd9b045,saran dev optimal game ya edit ulas pv buset dah story nya sangka game kasih bintang bagus lore storynya pingin ngikuti game edit maaf lorenya kek game bayi ya natlan negara perang kebun binatang kasih bintang kecewa benerrrrr,1,0,2025-04-09 20:08:42,5.5
5708cf2e-fe86-4db2-bba1-2da54f464898,game nya oke np download data aneh orang selesai download data pas masuk game nya mlh selesai nya mah jdinya makan storage sm pulsa tolong dibenerin hoyo,3,0,2025-04-09 19:10:07,5.5
10d4af53-7931-46d0-b46e-918ad1034af7,asa game bayi,1,0,2025-04-09 16:03:06,5.5
4ff06131-445f-42dc-97b9-6a5534edf433,game ampas jaring gacha karakter artefak kit combat story ampas game ramah fp habis bosan pensi bosen,1,5,2025-04-09 15:01:27,5.5
b5995cea-8885-462c-af95-1e732b72744a,ukur data ngotak sumpah download nunggu jam jam hp panas bet,1,0,2025-04-09 12:53:25,5.5
324af813-7550-4483-96a3-f742e0e94f3a,apa game fitur skip lagigame nya makan game nya pelit,2,0,2025-04-09 12:38:56,5.5
8f357864-372a-4ae0-ac02-bfa80ecb97a8,woi hoyo,1,0,2025-04-09 12:37:10,5.5
2cf13aa6-dc01-45f3-bbe4-71c3e7aa5dff,cakap skip buang reward tara kerja quest reward gacha player fp,1,0,2025-04-09 11:09:43,5.5
3bf232a6-ba24-4b28-b75a-9fb0849f938b,game hoyoverse game sapi perah doang rate ampas,1,0,2025-04-09 10:55:53,5.5
13b88456-b488-47c7-a6a0-313fa1c2e04c,isi suara en hilang alas tanda tanda fix,1,0,2025-04-09 08:59:01,5.5
10e8ff6b-02bb-4b7f-95f8-f9006f741cef,optimal sinyal busuk banget mobile disconnect menit pdhl main game aman lancarr,1,0,2025-04-09 08:39:56,5.5
2c911bf3-c9f7-42b4-8e77-889e23091bd0,seru,1,0,2025-04-09 08:14:14,5.5
81807281-60a1-43e4-939f-8b8429f5c451,skip button just yapping game,1,2,2025-04-09 07:45:30,5.5
e27bf982-bb1d-4609-80bd-ee3ccbe342f4,samachar cowo nya dikit banget laut deh,1,0,2025-04-09 05:28:51,5.5
0bd2524d-4845-4f7f-9ca2-3f772a9b40c8,game kikir main hp bagus ngelag explorenya rada gila mula suruh explore region cuman dapetin material upgrade char,2,0,2025-04-08 19:53:30,5.5
34a5940e-64f4-4fc6-be69-4155c8c53cb0,bosen,1,0,2025-04-08 19:30:32,5.5
5947744d-c510-4e1a-b0f8-0728ea1117c0,add skip mode in story bro please boring game,1,0,2025-04-08 18:13:23,5.5
62c0a87b-f85b-4bb8-86ef-eed3343ea2f9,apsih stuck sih tulis koneksi putus wifi anj masuk elemen layar putih smua gabisa masuk kocak,3,0,2025-04-08 18:10:04,5.5
ee7063ed-9756-4f61-8a5a-e433c5f5eb94,ping server asia benerin dah game dah ping nya ampas banget,1,5,2025-04-08 17:44:32,5.5
261e7be1-2869-4e28-8890-7ee42a4a796a,kikir,1,0,2025-04-08 16:22:52,5.5
f6829ebb-7abd-4182-92bc-9ee563606714,bagus banget developer dengerin feedback playernya bahagia ketemu dev sikap kaya gin player kayak sukses ya,1,0,2025-04-08 16:19:10,5.5
57e81b7e-2730-4783-89d7-8384ee0b35fb,tolong minta dimatiin,1,0,2025-04-08 15:06:23,5.5
c1233df2-ead3-4707-ab32-34addc939b6a,game nya si enak otak,2,0,2025-04-08 13:42:02,5.5
525a3c2a-6d97-4b0a-bf78-348e1c80cd20,event alur cerita nya panjang mati film skalian jam parah banget bosan,1,0,2025-04-08 13:01:14,5.5
6f0bb16f-7ef5-4425-b20f-e739a6e3770b,pelit kli karakter dapet padahl ulang kli kasih la mudah minimal mohon dapet karakter ni nggk,1,0,2025-04-08 12:43:43,5.5
bc6493ae-5a5c-4c61-9d7a-1568a45091ac,hoyo char genshinnya buka ya pakaiannyakasian playernya kecilkalau naikin ratingnya naikin kek,2,2,2025-04-08 12:10:04,5.5
c11ec083-e6d8-469f-934a-4772fb0a84f0,hard pitybos susahga fitur bikin anak mohon kembang,1,2,2025-04-08 10:16:12,5.5
b2c34155-d8f8-45fe-8d9c-fc87a5a4c083,game drama download data sampe nyesel gua download bangke,2,0,2025-04-08 10:00:28,5.5
bfb8b7d7-b4a9-4931-befa-f8ad8c894e62,tolong mudah artefak random hadiah artefak tera masuk domain sesuai tera masuk domain original resin energi buang sia sia,3,0,2025-04-08 09:48:05,5.5
6c564e8b-16fc-4235-9884-588cf7c77070,game kikir,1,0,2025-04-08 08:51:11,5.5
268553bd-bd9c-4d0f-97a7-3a7d4ea0c20b,game ajar sabar syukur milik smuanya titip,1,0,2025-04-08 08:45:14,5.5
5da80bb1-8236-409c-bd48-a9f4e820a4fb,game ramah player skip story kocak capek player mending main,1,0,2025-04-08 05:30:15,5.5
fa36f29f-cc31-4ddf-b4b0-9b8251d6b227,game banyak yapping event yapping primo kalah rate off awas dapet radiance kau janji bikin tamat game snezhnaya dah capek main nya pensi penasaran dah terima kasih,1,0,2025-04-08 02:18:53,5.5
79457a55-3bbe-4671-9c13-76089017f13b,bosenin mid story,1,0,2025-04-08 00:27:38,5.5
6c8fa19b-8179-49bc-a073-c29164dd95f8,game puki,1,0,2025-04-07 23:55:06,5.5
f29d51c5-9770-4b81-879b-344593ec40a7,agam elemen beda agam tim party elemen reaction kendala krusial alami banyak player mana resource perlu bangun stat karakter susah tambah durasi resin max artefak karakter susah dapat stat,3,0,2025-04-07 22:59:33,5.5
30855d93-d6e2-4a8b-8480-8eaf3b9c8c5b,overall bagus kadang quest karakter bisu english voice tolong quest langsung inti teks bosan,3,6,2025-04-07 22:06:18,5.5
20ee3246-4bab-48f4-8f31-7b5c38e54e37,it  boring every time there  new female character you should also make male character too it  cool,2,0,2025-04-07 22:01:38,5.5
70f41901-4634-45dd-b107-14d2267ab318,rangin gb nya woiiii,1,1,2025-04-07 21:50:26,5.5
1addd15a-ba15-4b8b-af5d-eddaccce9784,kikir neng sm genshin kangen genshin yng,1,1,2025-04-07 21:44:48,5.5
ba28181b-81cc-4ff4-9585-2abe11cc766b,akun ilaaaaaamg,1,0,2025-04-07 21:18:03,5.5
b5c0369e-8012-47a6-94f3-251addd59dbe,laen kali hoyovers ngasih bansos minimal gachanya hard bngsat beda bet ama belah bansos bnyk gacha pelit char limit smph,1,1,2025-04-07 20:56:47,5.5
364b5947-9c0f-4031-b1cc-dee0d80205d6,lelah dgn karakter famale update,1,0,2025-04-07 20:37:37,5.5
9024d0cc-acb9-4f5d-ab13-a0e211ceb955,game kikir,1,1,2025-04-07 20:32:48,5.5
d598bd74-da74-457a-bf0e-c874a0aa5538,kikir baget dev nyagk dengerin player nya,1,0,2025-04-07 20:06:15,5.5
48319eac-37e2-4d74-a427-df5792e85017,berat game nya kikir adek adeknya tetep mainin,1,1,2025-04-07 19:59:51,5.5
1b1c9a07-8641-4337-861f-f541960a1479,kikir,1,0,2025-04-07 17:43:34,5.5
c435eb86-daf6-4f90-a4fa-8b699fc6e270,developer kikir,1,0,2025-04-07 17:36:13,5.5
f4f9a5ce-f47c-4c39-8b8a-0f8cce1cadf0,scam,1,1,2025-04-07 16:58:40,5.5
7649c916-ddf5-480f-8d70-5b2db4abb105,got pain from co-op,3,0,2025-04-07 16:44:31,5.5
7fc62dae-5ffe-41e0-9a87-004772a88fca,berat hati kecewa layan cs scamer korban tipu akun,3,0,2025-04-07 15:23:49,5.5
2aea5023-5864-45be-9674-46c6d4da84c3,main game barbie tingkat kualitas minim qol story tarik gameplay keren monoton lambat devs kepala batu peduli komunitas player cn ayo game anime-style rpg kualitas rilis tinggal devs rakus,1,1,2025-04-07 15:03:41,5.5
b3953b2e-7c1f-424a-aec6-d85c3cc64eef,selesai update versi hp kompilasi shader mulu niat main suruh nunggu,2,0,2025-04-07 14:56:12,5.5
8c1df5da-856b-4c96-96bc-46b659d2e8e6,trying this game to see how bad it actually is,3,0,2025-04-07 13:07:12,5.5
2c68b0b7-e925-43ae-85dd-bdc09ff9b89f,farming artifact buruk kasih stats deff  guna resin sia sia,2,6,2025-04-07 12:57:17,5.5
02fe511e-460e-4e09-a927-bcd345e94794,ramah,1,0,2025-04-07 12:20:53,5.5
25bb72a7-bf76-434d-adab-b29c8050a1a3,jelek,1,0,2025-04-07 11:36:47,5.5
d6b89b60-3c62-4b2b-bbbf-508b6e941753,lumayankurangi yapping story,2,0,2025-04-07 10:26:17,5.5
ffb32fb5-6a98-4935-920f-475b5413468a,kasih bukti email maaf akun game pulih kasih bukti akun percaya betah main game akun kena hack melulu,1,0,2025-04-07 09:41:19,5.5
905e853a-0dcd-4cd3-95c7-1fc29412f417,battle monoton cerita mid dialog muter-muter bikin susah fokus cerita misi monoton bosenin banget dar eksplore ngalahin musuh puzzle,1,1,2025-04-07 09:35:50,5.5
5a36380e-409f-4532-8001-37ad28627d31,game jelek gabisa perfect dodge gbisa gsw,1,0,2025-04-07 06:58:09,5.5
fa6c6111-684f-46ed-a01c-dbabd20336d1,aneh developer nya,1,0,2025-04-07 05:53:51,5.5
99a939d4-f7e7-4215-8a41-c16d70789e6c,tolong ya dengerin saran player gameplaynya ngebosenin monoton gaada fitu skip dialog cepat kali player jam player duduk doang ngedengerin karakter ngoceh mending dialog eventnya nyambung lore eventnya cuman ya gitu-gitu gaada tarik sistem gacha ancur tpi dijelasin lebar didengerin ya,1,83,2025-04-07 04:06:20,5.5
f171056e-5654-4e6b-8788-4e8307e44aa7,give us skip button,3,2,2025-04-07 03:04:54,5.5
080de8fd-c9e6-4295-bf0c-0c49705e93a2,main kartu jam kasi jelek cuman misi doang susah bangetkalo ngasi misi yahh gin,1,0,2025-04-07 02:37:46,5.5
7c653e66-5238-4d0c-8edd-4536b02e82c2,asli game keren,1,0,2025-04-06 23:07:05,5.5
7534b775-107c-4a91-a69c-b133363824c8,sempet main loding nya kali bilang jalan,2,0,2025-04-06 20:13:38,5.5
b0bc28bb-6f07-45ec-a81c-3a20d406ac26,tombol skip,3,0,2025-04-06 16:27:57,5.5
0e657461-832b-431c-b1a7-48d3d84df75a,pity always deep,1,0,2025-04-06 13:36:13,5.5
3b6ebafd-63e6-4d51-8249-106e88d9a735,when chatting the story can not be skiped very boring please update skip the chat and provide dialogue only waste of time,2,0,2025-04-06 12:51:01,5.5
765c5e49-4e1d-4c02-8d49-02a89733a4e7,main game versi kompatibel perangkat harap update genshin support android,3,0,2025-04-06 10:35:50,5.5
64581452-b461-49cd-9c0b-c8bc1717dedd,semangat mihoyo,1,0,2025-04-06 10:33:28,5.5
9500030d-c1d5-4ec3-b2ff-9f52788ed2ee,loading aki nungguin selesai,1,0,2025-04-06 09:58:59,5.5
b41757d0-b307-45ec-8955-873f222d3bff,game nya ok tpi tolong musuh nya susah banget bikin mati karakter sih nyari artefak susah sih karakter kasih makan dikit kenyang cooldown makan nya banget tolong baik,2,0,2025-04-06 08:39:25,5.5
16b0985b-8ef1-4a72-bb2c-e55c763db55a,game nya monoton begitu fan service main jijik karakter akan hilang true story nya cipta muas  gameplay natlan wow kecewa,1,0,2025-04-06 08:37:05,5.5
00b61635-4e94-49a5-b355-a68a93c6819b,jadiin capitano playable pls pdhl char nya ngaruh banget cerita kasi playable samsek playable char pengaruh sm cerita huft,2,0,2025-04-06 08:35:51,5.5
f9459c38-e176-468e-b6ff-55730f866c2c,main game untung mekanisme capturing radian muncul nya kalah rate off,1,0,2025-04-06 08:33:12,5.5
517dc512-13e4-48b1-8790-ea04951bb756,ya lumayan kikir,3,3,2025-04-06 04:34:49,5.5
731f5c82-f34b-4d51-aa8d-cd07d12e14db,suka patch natlan turut buruk astaga lihat karakter nya damn desain jelek jir nih game minim improve dev budeg gamau dengerin player sombong lu,1,0,2025-04-05 23:22:18,5.5
10b2c261-b373-4edb-a503-b0ec938d0c8f,game ampas,1,0,2025-04-05 23:16:16,5.5
91195d5c-6294-4734-9115-23dd2f6f72f8,kumpul resin,1,0,2025-04-05 22:40:53,5.5
f62ee0ba-9042-4705-9802-94dd7378b7e4,bro game open world gin pakai controller,1,3,2025-04-05 21:53:32,5.5
57545af6-7452-48fa-aa89-fb1506b4f382,gamenya seru sizenya ngotak hp apa kayak main game gb dah eh update main developer update ngasih gb ngotak game belah berat,1,0,2025-04-05 21:02:09,5.5
3bc3fb4c-05d7-4838-9873-a5ecdc45c92b,karakter laki laki kurang kecewa capitano playable dialog gamenya ulang dialog sinyal jelek dialog skip hsr ,1,3,2025-04-05 20:01:41,5.5
b9c263cd-2c90-4896-9d44-0816159beb1f,banget danwlot data,1,0,2025-04-05 20:00:40,5.5
6518be82-bb4d-4b6c-a8d3-a77b1f839339,tunggu char male bugiel nya hoyo female char nya tu,1,0,2025-04-05 18:57:22,5.5
a781d2f3-dc59-41a8-aa67-f5eddb47097b,kena rate off,1,0,2025-04-05 14:00:42,5.5
516ff7ee-561b-48b6-9889-dbed2c5a380f,mendownload data,1,0,2025-04-05 13:31:39,5.5
4fcee1c6-c8c5-4b91-ac6e-82d3254f8fb3,moga konsep nya konsisten masuk natlan kemarin tepat pas hype nya palworld konsep iansan dl bocil sangar dah beda pas rilis sekian terima kasih,1,1,2025-04-05 12:54:13,5.5
61779411-5c71-4c2e-9fb8-c501877ba379,saran login offline download peta minta sumuanya penuh bintang,1,0,2025-04-05 11:53:13,5.5
123139c7-4939-4b64-8424-a7a9c2c54b13,hate genshit rilis ubah qol lock balik paywall natlan immersion breaking karakter nya,1,0,2025-04-05 06:57:30,5.5
bc407527-7a79-4ab1-b707-843e80ccd202,ngelag woi ram gb berat maennya,1,0,2025-04-05 06:41:37,5.5
d1944cbf-311f-47b2-b680-eae1036f3c63,anjing kga ngotak size data nya gb download,1,0,2025-04-05 05:05:52,5.5
11c3f943-8352-40d3-b619-a269eb031afd,please help me fix the lag ons my phone so the game should be made easier to play ons phones with less power,1,0,2025-04-05 00:54:03,5.5
9e867ffa-13d3-423f-893e-de5790e8721d,kasih skip dialog hoyopek,2,0,2025-04-04 22:50:43,5.5
89e412c9-70e0-4cd7-8fd8-2512c550689c,kikir,1,0,2025-04-04 22:39:04,5.5
27544efc-d850-4999-9906-0df5391ec897,tolong mudah dala eksplorasi,1,0,2025-04-04 21:14:28,5.5
50897feb-537d-45e8-b987-ce8f06d21ace,mohon mihoyo colldown resi cepat quest selesai ngapain malas explore,1,0,2025-04-04 20:48:44,5.5
a501b840-58e6-4978-9bff-de0fcb24fed6,this game is absolute garbage the developers or even the whole company clearly don  care about their players they ve never listened and it  obvious they never will enjoy the money,1,0,2025-04-04 20:16:18,5.5
973ccb1c-6865-4ec7-9dbd-eaf011c6f74e,game mantap,1,0,2025-04-04 17:58:19,5.5
96274ba6-5a1e-420c-ad02-908b3d55ae6d,overall segi grafik nya bagus sesuai perangkat bosan quest milik cakap buang quest dunia tolong kurang dialog banyak aksi lawan monster artefak adil fp artefak ampas tolong besar stat sekian mksh,3,7,2025-04-04 16:54:15,5.5
81571d13-0bc8-4507-93fe-3332b11d9528,ngunduh nya game burik,1,0,2025-04-04 16:48:09,5.5
b9a58c88-d691-4230-a98c-a5cbe0c56977,bosan,1,1,2025-04-04 15:07:27,5.5
1f589b29-1b44-4d2d-be67-827ec6cb7074,game ringan,3,0,2025-04-04 13:56:33,5.5
67d93122-68ee-4a7f-9a21-282438d29164,pity nya jelek player ftp,1,0,2025-04-04 13:30:37,5.5
1906e4f2-386d-46fa-89ba-d57505bc1c92,galat game prolog game galat pemakainan belah layar pengunaan aplikasi gotube putar lagu celah batu kali karakter diam jalan cuman galat atas game relog galat main mohon baik tangap,3,0,2025-04-04 12:57:21,5.5
7c7bc28a-f833-400d-946c-aba24408ab40,maksa fitur skip orang milik aktivitas liatin dialog npc orang sultan joki quest orang pindah game pensi,1,0,2025-04-04 11:11:00,5.5
143c355f-7bd7-4811-923a-4da83ed312fd,game kikir,2,0,2025-04-04 10:34:29,5.5
d007a040-c044-4568-9475-24c3487d6c58,game sapi perah mihoyo,1,0,2025-04-04 10:26:53,5.5
6b333852-2354-40c4-84eb-3c596244dd80,developer coba ganti data gamedari gb gb,2,0,2025-04-04 09:39:02,5.5
9379c81e-4727-4f8c-b546-cb6c270d616f,how many years left until you become generous let me guess around year,1,0,2025-04-04 07:58:49,5.5
aecbf19c-dc7e-4221-900f-923f6d60c1fb,unduh data bett jam selesai,3,0,2025-04-04 05:42:45,5.5
c68c4aa7-1bc3-4f65-9645-96b7699be843,bocil genshin fomo nurunin rating,1,1,2025-04-04 04:07:11,5.5
91451eb3-71df-49da-8c28-90214a9317d0,my account missing twice fp dark system mihoyo,1,0,2025-04-04 03:06:58,5.5
ce84151f-77be-4433-8e86-bb0ece271f56,kinich sign kinich raiden escoffier xilonen sign xilonen pokok menang rate off dilow pity,3,0,2025-04-03 23:43:29,5.5
9da2d630-5bb4-4e56-a406-0580c1203670,game kikir,1,0,2025-04-03 23:01:48,5.5
dd2a8f4e-596e-4415-9c4f-9a34123a8016,player nya public enemy,1,0,2025-04-03 22:42:49,5.5
fefce0cb-09cd-40b1-9a55-1f958a71bd5f,just give us more male characters in this game,1,1,2025-04-03 20:28:02,5.5
b42d2971-6dd6-4ee0-826e-2947bee736e6,game ramah top up,1,0,2025-04-03 19:48:27,5.5
c1589185-5f7b-4715-9024-4aeb3cc2643a,hahaha akun ilang jir nge hubungin cs nya respon kacau kacau pikir akun tuh levil kecewa si minimal gabisa balikin akun ya respon si,1,0,2025-04-03 19:45:21,5.5
8174fafe-332f-420c-93fc-3daf9426cca6,banyak yeping ngantuk,1,0,2025-04-03 19:27:19,5.5
927e8579-9503-4bb6-8592-1260b7f8db57,maaf kasih bintang knpa pas main lag yah koneksi lancar ubah grafik parah device lag aneh tolong bantu susah kasih bintang,1,4,2025-04-03 19:19:40,5.5
b65448bf-f76d-458f-88ba-8b6bfbc1eeec,telat pakai banget fiturnya segi explore kasi player old,2,0,2025-04-03 19:00:45,5.5
0b3588c8-ac66-480b-934e-6f0debc2ffa3,suara backsoundnya kaset rusak mobile,3,0,2025-04-03 18:50:06,5.5
352a66e7-b8ae-49f4-b4a1-22652152834c,game kapitalis,1,0,2025-04-03 17:22:29,5.5
11d2f018-a396-4bcc-82c5-2feb56d35148,game jelek mc kembang cmn sampah,1,0,2025-04-03 17:20:35,5.5
368e38fc-98dd-44d4-b588-e0442ddbcfee,tombol skip tambahin main quest orang dengerin yapping npc ber jam jam primo,3,1,2025-04-03 17:08:33,5.5
68e8795e-b244-477d-84d9-03d3f6a0a974,developer buruk dengar feedback player parah qol nya tingkat gimmick sakit yapping gila muak main game primo dapat rekomen comeback main cari game,1,8,2025-04-03 17:07:21,5.5
7b8b57f3-6604-4117-952d-d30ca87d35cd,dapet varesa sm weapon nya high pity kasih,1,0,2025-04-03 16:57:21,5.5
97df2a69-265f-40ef-85c1-4f40025398d1,hilang bug limit login to many request akun ancam resiko,1,1,2025-04-03 16:15:29,5.5
25253e99-32e2-4dbd-bcfa-43d224b8c324,game pelit gacha hero bintang gua player fp jarang login ampass,3,0,2025-04-03 16:14:31,5.5
9c619e2a-7121-4128-9a6a-ec8e79ff7820,mayan cuman pas main tidur seru quest archon si map nya gede sampe capek explore sumeru kalah rate off ueueue tidak apa apa kinich dah pulang overall lumayan ya cuman star main nge lag  apdet memo ku menang battle nya mayan ya cerita tarik ku tugas sekul suruh cerita fiksi hehehe sempet nang gara gara storynya ya mayan,3,1,2025-04-03 14:50:32,5.5
f8c35a9d-171d-44c7-9698-bb7e45cd2501,putus ulang quet,1,0,2025-04-03 13:36:57,5.5
a2f4ff88-fefa-4bd1-80ad-a1fce5c5e6de,design amburadul chara cowok woe,1,0,2025-04-03 13:36:28,5.5
f8607129-df5e-483b-8a2a-0d8ccfb71b7a,game banyak yapping bikin fitur skip,1,2,2025-04-03 06:11:56,5.5
dbf4dd21-ca0b-4cb4-ac56-9ccdd62c14c7,banyak yapping ngelarin story jam hadiah,1,3,2025-04-03 00:05:16,5.5
c0b70dbf-5cb8-4037-858e-bfad252179a9,-reward kikir -craft artifak sampah kikir -cooldown resin talu menit ngisi resin doang kikir -farming artifak sampah musuh spiral abyss bikin sulit balance - cooldown reset spiral abyss imaginarium kikir -event ras patch dekat region developer kikir,1,3,2025-04-02 23:28:30,5.5
2baa5479-58a4-4a11-b5c2-5073fc1a8b7c,its getting worse,2,0,2025-04-02 23:17:26,5.5
83740295-0bb1-40b6-8f56-cd17c2d7e629,level source download nge-lag main map lag patah pc lancar genshin game pc,3,0,2025-04-02 22:14:00,5.5
8af14196-c28b-4470-936a-a6d02a2d8a3e,bosan sistem pity nang kalah rate off plus hard pity mulu kikir banget,1,7,2025-04-02 20:34:45,5.5
ca11e073-e254-4750-b537-6a759acb0a0d,masuk masuk,1,1,2025-04-02 20:00:02,5.5
0960d64c-1d12-4144-8a39-f55329bead22,game layak main aspek kalah wuwa tombol skip mc sampah versi lemah mavuika material domain batas wuwa biaya resource butuh naik level karakter talent mahal banding wuwa material weekly boss random wuwa boss kali game kali,1,2,2025-04-02 18:23:28,5.5
5cff264d-ce96-4e15-b264-5446c0da1d95,tolong akun hokiakun utama kalah rate off pity keatasrate ons pity atas semuatolong,1,1,2025-04-02 18:13:30,5.5
d808ecb4-8cda-486f-bd84-aa4a5f56e2ce,game kaku npc interaktif muka nya template mc nya guna,1,50,2025-04-02 13:27:01,5.5
6bf08e89-c296-4ea9-8728-d26bd16e408e,mb gb nya dikecilin kek ukur mlbb hok biar main orang,1,0,2025-04-02 09:08:34,5.5
3d34033a-0081-483e-8af5-b49f59d35ab7,banned orang alas main game hoyo akun email rabu april akun kebanned ngaruh akun hoyo honkaistarrail zenles zona zero main game akun kebanned hati hancur gabisa kecewa game hoyoverse beli hp spek bagus mainin game ban,1,0,2025-04-02 08:54:08,5.5
2b460ef5-fda5-486b-a87f-bcfdde06ef4e,main nunggu menit kocak,1,0,2025-04-02 08:28:38,5.5
cbef71c8-71d3-4542-85b1-d3af94258100,excuse me if you re reading this we need your help to put those english voice actors in their place right now the union vas harassing the non-union vas this put your game in bad situation because those union vas ruined your game image think about it your game looks bad because the staff makes it look bad aren  you going to do something about it don  think the hostility between us and cn really that matter matter if situation more critical like this happening right now,2,0,2025-04-02 06:23:39,5.5
7029b798-88fd-4739-99af-e63f8ee19d61,game kntllllllllyapping mlu ajinghhg side story jelekk jgtombol skipp ajggstory lu jelek bosenin pakai animasi template patah cringegk bikin bngsadd,1,4,2025-04-01 23:42:41,5.5
4d16c7aa-2a21-4f30-b05e-19716e089002,game nya bagus cuman fitur cancel skill nya,3,0,2025-04-01 22:33:25,5.5
c33135e6-543a-4460-9954-9548479fb181,improvisasi kembang game nya jelek bilang turun,1,1,2025-04-01 20:42:54,5.5
4fab1ea5-d159-488b-975a-f7826a19db7f,mending hsr mah game kikir bansos dikit annvi kali pull gratis karakter standar mending hsr,1,0,2025-04-01 16:48:57,5.5
e20380cb-cefb-4632-8518-c65f3e376c94,tolong akun kena hack apa hiatus,1,0,2025-04-01 16:41:04,5.5
7ca542ff-1a71-4318-91f7-39396580882a,game yapping tai hoyo pelit reward kikir burik,1,1,2025-04-01 16:35:30,5.5
04461eef-77c2-41df-a8e5-ed8f3ffdf182,game tolol banyak yapping tolong tambah fitur skip story,1,2,2025-04-01 15:04:12,5.5
2aefdaf4-f858-4480-8e8b-45d4a5a1866d,game sampah banner character up tolol dapat satu banner up character dapat senjata up sekian item up artefak farming artefak kiamat gacha,1,6,2025-04-01 13:46:38,5.5
32ee39f3-10ca-4966-918b-5624d7f4aa1a,genshin gmail verification delayed - minutes,3,0,2025-04-01 12:15:59,5.5
462945c5-743b-4580-9e8a-88a6afed7f18,gooner game,1,0,2025-04-01 12:09:14,5.5
3133e5df-9615-4627-90a5-8975a3407aa4,quest-quest banyak dialog super tolong ada tombol skip dialog karakter cowok kesini sekali lore-nya cerita biasa naruh bintang salah sesuai lore karakter tolong dibenerin design karakter sesuai kultur region dibenerin designnya region depan ya,3,0,2025-04-01 10:30:07,5.5
48de5b03-714c-4238-b457-d34b6da76f39,plis rerun emilie banner,2,7,2025-04-01 10:27:35,5.5
3db7d1b4-28c1-477a-bc51-34fec19a4433,loading,3,0,2025-04-01 09:57:29,5.5
bb528db5-dd25-4495-973c-48b0d40e98c2,game rpg mobile baik gua mainin nahh broitu ganti bintang developer sombong dengar feedback player,1,2,2025-04-01 06:22:03,5.5
fcefc6eb-b928-4e97-88ae-0b3468b16f54,seru lag-nya dikit,3,0,2025-03-31 23:38:00,5.5
ca906d5a-9cbb-478f-b26d-2f16b15b5c49,tantang baru susah reward nya dikit aplah ni game main ngasih hadiah dikit banget tlol,1,0,2025-03-31 20:51:40,5.5
beb925a2-d807-461b-b458-984a3d95d54f,developer kikir,1,0,2025-03-31 18:31:31,5.5
3fdcbc19-0c4b-4540-82ee-059a411204fa,asa game barbie char wanita desain ui bannernya feminim,2,1,2025-03-31 18:01:49,5.5
ce911d04-a0aa-4a02-935f-204ef57a6085,stamina too little hard to activities --,3,0,2025-03-31 17:36:50,5.5
83a7cf92-54bf-46fb-ad3d-f7f6b84b9201,gamenya bagus dev grafik anime real animasi bagus unik hero frame ratenya turun kadang lag beli hero masuk dunia dowload game lag memory sih,3,0,2025-03-31 17:08:37,5.5
f285e1fd-566a-4e02-b85c-4bf3779e36e5,kikir apa,1,0,2025-03-31 15:56:19,5.5
d70c95c9-2259-4fe1-9510-47eed5f6444b,fitur skip nya mnaaa,1,2,2025-03-31 15:00:04,5.5
c4896013-6a8a-4206-809b-91a7cc61792b,buka hp buka,1,0,2025-03-31 11:08:02,5.5
1397746b-f116-4e32-81d2-2f4f19425bf1,game kikir,2,0,2025-03-31 09:06:35,5.5
b557fac7-c9d2-455b-801b-c81c57f225bd,bro want to plau genshin but xiaomi cant,1,0,2025-03-31 09:06:10,5.5
6afc240c-f14f-4772-991a-ef5c31885b42,loadingnya jaring bagus main kecewa duluan anjinggg,1,0,2025-03-31 08:30:47,5.5
1de876a3-05a3-4874-b8b1-54d613cea0fe,oii admin kasih nafa pelit bet dah aing dah habis primo njir nya,3,0,2025-03-31 07:40:32,5.5
3cb904ff-4320-4d98-ab30-acae373f2e7d,males banget game update patch download gb,1,6,2025-03-31 01:47:49,5.5
25c1843b-71bd-4b77-8f53-77ed90897b33,game rakus uang,1,0,2025-03-31 00:31:51,5.5
9b56fb99-166b-4c67-838f-b664e5e22ab5,wuwa more better,1,2,2025-03-30 22:12:00,5.5
1c0def62-1572-4640-9649-0772247b68b4,game kikir,1,0,2025-03-30 21:26:34,5.5
8e097e27-e758-49f8-b71e-c72951ff895c,game gabut gakjelas,1,0,2025-03-30 20:38:51,5.5
7fe5680d-1cab-437e-b341-bb8952a8c7c1,kasih artevak wangi,1,0,2025-03-30 19:07:09,5.5
dcd4b269-0b8c-4af3-8a45-2d15762297d3,developer diskriminatif,1,0,2025-03-30 17:42:54,5.5
9049a090-ead4-4adc-962c-22f868254c55,mendonlot nya,1,0,2025-03-30 16:59:36,5.5
f1b54918-4bea-4938-8ca3-4b497aca95a5,game bodo data download gb,1,0,2025-03-30 16:38:46,5.5
05384b11-3b66-4333-b58f-6ecfa05e3c9d,kompilasi shader,3,0,2025-03-30 16:10:41,5.5
427f4c94-ae87-4529-8837-8b264e0d23d0,tombol skip,1,1,2025-03-30 15:02:24,5.5
0ea6b867-4ce0-455b-8e9e-3e13aece8329,map natlan ngebug warna hitam,1,0,2025-03-30 14:18:08,5.5
57a3fc88-fff3-4153-b190-c442224b7c76,game bosan,1,0,2025-03-30 12:05:16,5.5
b4fa4a09-fd3f-40bc-a7d0-9dfd2095efce,main download gb,1,0,2025-03-30 11:30:08,5.5
ddfcb274-b949-4c28-99a8-d6fae01a483e,kbanyakan bicara alur cerita tolong bikin tombol skip scene kecuali scene utama inti main quest buat singkat cerita klik tombol skip scenenya game belah bikin kebnayakan player nyaman ketimbang dengarin scene ahrus pilih pilih ujung ngaruh quest dijalanin guna tolong developer bikin mudah,3,20,2025-03-30 10:16:12,5.5
a324b40c-6978-4e6e-b998-bcce6fb197d2,bug masuk gamenya,1,0,2025-03-30 03:51:57,5.5
e82a5cca-2d44-4484-a309-2e28430e3adb,ehh kunyuk game pilih kasih cuman telat download shader doang gb dasar game kikir,1,0,2025-03-30 03:41:42,5.5
071a8b1e-c1d3-45f8-8a34-5b93ce046fd8,hell kirain size nya -gb gb an,3,0,2025-03-30 01:23:45,5.5
6e18306f-abb6-44cb-a004-19c54254ab47,quest in natlan too much story it can take for admin watching their dialogue please add skip story button think not all of us enjoy the story some ppl jst want adventure not watching story if we want story we will go ons netflix and watch movie or anime,1,0,2025-03-29 23:11:40,5.5
a2df57af-c9e4-4f1c-a88c-010111bdcb07,kikir bintang sih,3,0,2025-03-29 18:46:13,5.5
b5a391c7-a8aa-43ea-a189-78d29bdbad71,waras ni game download suruh download gb anjir menang nih hp ku simpan gb,2,0,2025-03-29 18:08:39,5.5
a91b287f-e4ab-4374-85c9-06c726ad169c,anj banget fitur telanjang,1,0,2025-03-29 17:19:39,5.5
11da9a68-e4c5-40e5-8819-33a713f63451,admin download ram,1,0,2025-03-29 15:36:20,5.5
999afa9e-f9da-4edf-afbd-ffcbf820a8a5,game kikir main ngasi bansos bagus,1,0,2025-03-29 14:58:38,5.5
21c89223-f4bd-4727-a2f3-1f43dbbbac1b,cutsene nya jelek animasi bibir suara nyambung grafik spesial bagus belah tuh honkai star rail niat banget bikin game sizenya gede gb cutsene nya jelek tampil karakter tamplete gamenya sulit elden ring bansos nya dikit banget,1,0,2025-03-29 14:53:36,5.5
db4dffef-86cc-46cd-82e9-8fe3cdded7ee,game kikir,1,0,2025-03-29 13:19:13,5.5
0eca306c-6099-40cc-9a5b-cfd2907d9db4,coba fitur qol kasih paywall macem gamepad  fps exclusive iphone doank explorasi karakter limited,1,0,2025-03-29 12:50:50,5.5
862dc0eb-906a-4963-892e-9017964390f8,banyak nunggu,1,0,2025-03-29 12:06:41,5.5
bc6a9a32-9362-4376-b81c-2e39eb2fb994,hp ku ngecrash ya ngecrash aman pas mo ganti server dari amerika asia tiba ngecrash gajelas,1,0,2025-03-29 10:59:01,5.5
7ac3c960-3830-49ae-8dc7-b4a1d21e96c5,bagus sih gatau ngebag emng sinyal kaya ngerjain misi bicara npc kaya ngefrez diem ajh background gerak tungguin misi nya jdi mohon baik biar nyelesain quest nya,3,0,2025-03-29 09:45:36,5.5
1c81f280-264d-4bb9-a48c-37e56b23f0a5,habis update gagal unduh data jaring error sila coba code- pakai wifi pakai data liat youtube mohon bantu hoyovers,2,1,2025-03-29 05:14:23,5.5
ddc43275-bd95-4040-a2d5-7db4bfe8e78b,jaring tolong dioptimalkanpadahal aplikasi aman main genshin impact ngelag parah,1,3,2025-03-29 04:09:25,5.5
7d6db2e8-961f-4646-a889-28408d886cfb,rate off kalah mulu pity trsg ksi menang cape cape farm ksi standard,1,0,2025-03-28 22:39:25,5.5
57064b6e-cdfc-4305-888b-ab4407aecc9d,data apl kecil rasa,3,0,2025-03-28 22:22:18,5.5
478c822b-05aa-4de8-a222-a7f245646158,game nya burik,1,0,2025-03-28 22:02:45,5.5
debd9487-5242-4f85-811c-44129ace516a,update kemarin eh besok update maksud updatenya banget dikit update kompensasi cmn primo pelit banget emang game kikir,1,0,2025-03-28 21:59:42,5.5
a47909de-a90e-412a-a8e9-8959f2cb6017,game yapping skip story minimal skip kasih ringkas story,3,0,2025-03-28 21:57:26,5.5
e2950260-a880-4407-a61a-11c690fb5dcf,bagus pw konten game jangkau,3,0,2025-03-28 21:38:37,5.5
4096acbc-3b7f-4104-aba2-068ba9dbb839,semenjak patch tepat banner karakter mavuika muncul event tarung spiral abyss buff nya karakter khusus andal nightsoul blessing gin ya genshin natlan muncul agustus taruh nightsoul blessing spiral abyss adil orang dapetin  milik karakter natlan saranin marketingmu ganti bug dibenerin,2,313,2025-03-28 20:37:46,5.5
0b79211a-98dd-4493-ae03-f3316829cdfb,player keluh mendownload data update patch baru main update lagidan kalihal takut player nyaman main buang download data habis simpan mohon developer baik,2,7,2025-03-28 20:33:32,5.5
1e3a3186-49be-4319-a735-06a59e100443,bagus banget grafik bagus gameplaynya seru mantap,1,0,2025-03-28 18:44:38,5.5
955c0375-9afa-4f6b-8d7c-ec3815ad8374,sinyal lancar suka ngelag pas main reset,3,0,2025-03-28 15:43:03,5.5
9be0ec98-095c-4e4e-bb92-372115f4c33f,cinta you banget genshin plis model ganti dikit kek nambahin people of color emang pakai culture orang minimal emang karakter representasi emang buat cina contoh game reverse milik karakter agam masuk player biarin ngumpulin debu implementasi,3,0,2025-03-28 15:12:32,5.5
15f29824-c77b-481a-bed1-fda7b188222e,puzzle sulit tantang sulit,1,0,2025-03-28 14:04:01,5.5
9b552d17-b895-4234-9e92-3b72f33c85a3,kasih tombol skip game banyak dialog quest sampe menit dialog kaya tol,1,0,2025-03-28 13:05:05,5.5
6ad8d1b9-9675-4743-9903-70c81ec98194,game natlan jomplang banget nya gede ekspektasi region segi desain karakter buka little bit weird banding karakter cewek cowok nya astaga wkwkw heran iansan sepak terjal lol official fanart tolong cantum lumine pakai aether kasi mc cewek anak tiri,2,0,2025-03-28 12:20:49,5.5
6932cdfb-7014-4e68-b750-910fd605334d,game nya seru sih main ya bug tolong solusi,2,0,2025-03-28 11:15:06,5.5
7921b2b1-cda4-4e1c-8c43-033155e01c3b,the best deh gamenya unduh data yah saran tambah char cwo badan tegap muak liat femboy,1,0,2025-03-28 10:52:05,5.5
41341ef0-ae36-48e1-b5fd-07e6c48bfc40,update kali login game kompilasi shader makan males main nunggunyablama banget,2,0,2025-03-28 10:09:14,5.5
7a57d225-ce9d-4627-8623-0bd128575395,ngapain jir jam cuman liat dialog doang mending game belah skip dialog,1,7,2025-03-28 08:44:51,5.5
29f97a57-aed9-4a61-b9a7-9f42c65e61a8,game is full of gooner people many people make bad things about this game make me piss me off pls don  make the character can ruin the fandom of this game,2,0,2025-03-28 08:42:34,5.5
5d7bb759-9159-4f2b-bfb4-c2ca5ed639e3,heywe need star male character,1,0,2025-03-28 08:28:01,5.5
e7b9cebc-6fd5-4fc6-b4c7-22b45b135133,dowload data - jam tolong cepat dowload data nunggu,3,1,2025-03-28 07:07:27,5.5
4000bf8f-9cd9-4807-bc35-d83f27ce20bb,hp ramen,3,0,2025-03-28 01:04:12,5.5
b1028825-556e-4dc5-9ea6-28eaca62807b,bnyak bnget pnyimpanan,1,0,2025-03-28 00:41:48,5.5
8bde808e-a427-4ad8-86c0-ffc8dd5725a4,fitur skip yapping sih,3,0,2025-03-28 00:04:23,5.5
bb5df49e-ba7c-4bd7-8c16-fc47ffe67d0a,the problem is only in storage and centuries-long shader compilation,3,0,2025-03-27 23:28:38,5.5
a7c87aed-f124-41b0-9f55-b62ea06a62be,map bug kooooonnnn,1,0,2025-03-27 21:20:23,5.5
126e182d-eaaf-4287-bb3b-c7042b68b506,gamenya bagus,1,0,2025-03-27 21:14:59,5.5
c84f64e4-fbbe-4fdc-bad3-ee1047f39cce,kikir,1,0,2025-03-27 20:30:55,5.5
57d37424-4482-42c5-a2d6-7a957918dc8d,male character dikit femalenya kinich da muncul male,1,0,2025-03-27 20:12:19,5.5
99c67bf9-75a2-46ca-a57f-d58be10570dc,update update fitur skip story,1,0,2025-03-27 17:31:35,5.5
62a032b5-d04f-4dc8-9b34-73fd40784f14,gin game bagus banget pelit hapus akun susah kek orang mati bugnya solusi kasih,3,0,2025-03-27 17:01:53,5.5
1a380363-e044-4a39-b359-08ef0d53c030,apala ngmngnya update gb gb gin siudh mah nungguin implikasi shadernya banget lagicape nungguuu,1,0,2025-03-27 16:56:24,5.5
91bc38fb-bff4-44c8-aa5d-6d13a61467db,saran sih mudah cari artefak bagus,1,0,2025-03-27 15:57:17,5.5
287bbc57-c821-4f36-8720-7ad0d4471a6b,genshin tawar cerita tarik region character sayang genshin muas player design character mekanisme kembang dengar masuk player moga depan ubah senang,1,14,2025-03-27 15:19:25,5.5
3ed84730-2516-4802-808a-87d9a3c1eb0b,woy hoyo karakter cowo cewe mulu bosan cewe cewe mulu sekali bikin karakter cowo jadiin karakter orang karakter cowo cewe lu,2,7,2025-03-27 13:58:01,5.5
238cfbd1-ec63-4595-9293-2b697be93037,game hama,1,0,2025-03-27 13:31:27,5.5
b62ae883-e9a4-4046-b4d0-13a4fa9e6d95,unduh tolong unduh lol,2,0,2025-03-27 13:15:43,5.5
4f7586ab-5c3e-40e3-888b-0388cc49b4af,mantap dah support controller,3,0,2025-03-27 12:18:50,5.5
44ad7d04-cc3f-46d4-baac-11b47b3e4bb4,dah download data nya jam main nunggu jam ken tinggalin ngulang nasib nasib,3,0,2025-03-27 11:37:35,5.5
7534f02b-3ab0-45eb-9636-771175f93010,cari artifact bagus susah banget,1,0,2025-03-27 09:48:41,5.5
e4975722-35d2-404a-8357-b5b5040a13b4,ukur grafik kek kartun game cobak lawan monster karakter buriq buang memori simpan,1,1,2025-03-27 09:33:32,5.5
3d3d26df-d885-4b65-afc2-5fbd592a5d1a,suka genshin tolong minimal dengerin fans mihoyo adain fitur skip story males banget bikin boring banyak cerita masuk lore utama cerita nya bikin tarik banyak ngobrol gajelas buang buang bikin karakter cowo kek banyakin yakali cewe ngelesbi banyak fanservice desain karakter kesini jelek karakter splash art nya aj pantes komplain,1,8,2025-03-27 09:15:56,5.5
8a9b7edd-23cb-45b7-8c5b-83cf03a21c19,device operasi device akses update versi,1,0,2025-03-27 09:03:00,5.5
e32c5424-e858-4240-afe2-5bf22128bd89,game lawak banyak yapping doang isi lawak su lu kagak yapping kasih jeda su ganti perang lawak ni game yapping su buang menit liat karakter npc yapping su su kikir hasil mana kagak comeback game lawak,1,0,2025-03-27 08:30:26,5.5
63dc55bc-4dfb-40cc-bca5-08da9e2d31b1,kalah rate off njir,2,0,2025-03-27 08:29:26,5.5
a8851026-5d4f-4915-9135-6a600c12007d,bosan,1,0,2025-03-27 07:01:58,5.5
0292dba0-5d97-49d4-8220-23d757260781,main langsung kasih karakter qiqi langsung uninstal,1,0,2025-03-27 05:29:54,5.5
789f6c2b-22f1-4fdc-9ae9-e0cc611001df,kikir,3,0,2025-03-27 05:13:40,5.5
714b4775-2b93-43ba-8e42-0da96f7661fd,just talk to much bad game,1,0,2025-03-27 03:31:31,5.5
29974c80-e10f-4ce7-af4d-62b3bac8ade3,in fitur skip story nya biar enak nunggu story an pencet pencet bosen main in ni geme awal enak pas main in bosen bet alur cerita nya banyak bacot doang,1,4,2025-03-27 03:29:00,5.5
5310cfd3-1fd4-46de-ab3d-66abd1ee4a90,devnya nggak dengerin keluh player,1,0,2025-03-27 02:01:01,5.5
37de72ef-1509-4edf-b76b-132e031ffe93,bintang ok jelas sih genshin impact bagus update update itu nguras memori laginah updatenya berat tolong rangin ukur diplays tore tampil mb main full butuh gb memori hpku auto habis tolong rangin,3,0,2025-03-27 00:42:49,5.5
ed922974-a1f8-4842-a5e8-4655e9a262c5,why do you always release female characters to be where the boy or man,2,0,2025-03-27 00:01:27,5.5
2835db74-ef68-4dc1-8000-1ac91e229e64,mang hoyo pelit primo,3,0,2025-03-26 21:06:16,5.5
88f7dc3b-5d0c-40f0-93d3-a3b01e9e0363,dev bapuk event nya kikirtidak fitur skip dialog,1,0,2025-03-26 20:04:56,5.5
f0a14f83-9355-4aaf-adf7-577a28655bd4,bintang support controller,3,0,2025-03-26 19:16:11,5.5
620b9e78-3462-4010-999e-1bb2f92c7070,update kali kali updatenya admin genshin impact sizenya gigaan update anjrit,2,0,2025-03-26 18:54:14,5.5
f68dca68-be0f-4cf6-bb37-054532c564ea,artifact susah banget dapetinnyadapet artifact dah level rewardny jelek,1,25,2025-03-26 18:47:31,5.5
3c066f4e-268e-489f-9cd9-320969430a24,banyak update,1,0,2025-03-26 18:19:57,5.5
8b437ad4-ea28-4b07-846e-4c47ac9a8914,- format resign gim kikir sikma  sayee jaki sekibidi aura mewingrizzpunya mantanpernah naikin kuda kaki milik bmw  resign gim butut pelit asikkk asik bikin stres sepanjeng hari jeegim gabakal dimainin tidak ada bess had bess yogagim butut hok gim bikin wajeh saye pamarah,1,0,2025-03-26 17:36:31,5.5
12399ba9-4b5c-41b2-821b-efd7cd9b97bf,akun kena hack - kali ngisi form terima dah ngirim email hoyoverse dapet balesan otomatis,1,0,2025-03-26 16:50:50,5.5
b1f46240-223b-4387-b937-7e84a8f929de,game kikir,1,0,2025-03-26 16:38:11,5.5
8f504579-b527-4ad2-8b4c-d85992d79c6a,banyak dialog ons point story quest minimal dengerin keluh kesah player player betah gamedev peduli ama player nya update nya monoton banyak nya jiplak rerun event,1,3,2025-03-26 16:12:28,5.5
f1223a03-310e-4040-add7-d4f2683b2021,memori game nya,2,1,2025-03-26 14:55:36,5.5
ffdc2f1d-d2a1-41ac-863a-4b557cb0f7c1,sih download lumayan dimainin pas main main loading masuk nya banget tolong diperbaikin,1,0,2025-03-26 14:49:43,5.5
386cf686-713d-44d6-96de-2fb93b35b30a,pra unduh data suruh update gajelas,1,0,2025-03-26 14:45:53,5.5
583e9eba-21f5-42fa-ab0d-d96ea578f4c3,si hoyovers updte mb jdi gb ngotak ngotak ajr game rusak updte rusak,1,0,2025-03-26 14:37:33,5.5
6d40cca2-9ebe-4ec8-9f19-8c418a2cfb07,nice trash roll artifact,1,0,2025-03-26 14:30:58,5.5
d37c048e-081d-4f2a-afbf-49541689bca6,gameplay monoton bosan tutup tarik developer dengar feedback main fitur skip story artefak loudout reward sesuai sistem gacha ramah fp konten endgame sistem resin leluasa tolong loh yaa developer jangn tuli bebal ubah tarik,1,822,2025-03-26 14:01:33,5.5
9369d59a-0db1-4e47-9628-f82a34bee02c,emang unduh data gb boros banget,2,2,2025-03-26 13:48:05,5.5
a9c87492-c3ce-400f-8b16-4356c81c7929,game nya butuh gb sehiga gabisa main gb tolong sedikit tin gb nya gb pakai banyak internet,1,0,2025-03-26 13:28:48,5.5
1d0ddf0a-3db9-4caf-a4b2-b2bd1a4f59b2,sih kritik yaa hoyo sih quest hambar story nya bagus grafik nya mantap tolong yaa hoyo nya baik baik gara quest nya kompeten dialog nya ngerjain quest nya ngenikmati suasana game nya story hambarmales pingin pindah game ngerjain quest,3,4,2025-03-26 13:05:28,5.5
41bc3583-379b-463c-92f1-4976d8995857,senang mainin game dialog bosan genap main tiba update nge download data gb auto unistall,1,0,2025-03-26 12:49:34,5.5
bb2f5b70-9b18-41b0-b481-238747d2fa96,game kikirplis adain tombol skip alur story nya sesuai primo dapetin primo dikit alur tidak ada tombol skip,2,0,2025-03-26 12:04:36,5.5
2c03325a-c51c-48d1-a4ea-f96ae5574047,buff xiao,1,0,2025-03-26 12:02:50,5.5
989ed971-bf27-4e6d-b26e-683a3d85c134,update naikin substat artefak scam kembang game bodoh,1,5,2025-03-26 12:02:47,5.5
15822ea7-a3a8-46c3-9bef-e28cd289a8b0,story bagus pancing story sumeru powercept nya kuat karakter ver meta desain karakter bagus detail tolong masak pity dapet chara limit reward quest event banget dapetin arte bagus susah sub stat miss,3,0,2025-03-26 11:52:59,5.5
4d778544-eaed-4043-966f-a5e0b60417fc,woilah game yaping nya kikir wes puwaket lengkap cik ku kasih varesa ku qiqi,1,0,2025-03-26 11:50:05,5.5
ee7595e3-0b95-4b43-88a9-9f5facd786e1,plsss kasih fitur skip all pas dialog yapping nya banget anjir cm dikit ornag wibu coyy,3,0,2025-03-26 11:14:47,5.5
ecb195cd-3602-4d3a-a102-5ee71d541228,game kikir,1,0,2025-03-26 10:59:18,5.5
3544259a-b534-48fb-bf72-403290ccd71e,seru sih gameplay kes bosan teman niat pergi wuwa ya andai hp kuat sih pindah sih,3,0,2025-03-26 10:46:36,5.5
187a3c97-f064-4df0-8e9f-a171577941d9,rate pity rata blom jamin dapet material drop artefak rng parahhh sulit banget dapet bagus resin ngisinya droprate segitu asa buff spiral gantung char rate up,1,3,2025-03-26 10:33:14,5.5
1b0527b4-3641-49fa-862b-979870c1d12f,bagusih game nya tolong fps kurang dikit yaa tambahin fitur grafik biar hp nya kentang main,3,0,2025-03-26 10:24:42,5.5
48fc27f0-a164-41a3-8a34-17629685f932,ts game ahh,1,0,2025-03-26 10:07:14,5.5
0f579d86-87ee-440d-8ee0-7e96bfdf26ee,tarik ku,1,0,2025-03-26 09:35:35,5.5
60daa898-d0b6-4e3a-b289-4aa83fcf0922,so cute,3,0,2025-03-26 09:01:00,5.5
5c5307dc-6d7c-4376-b38e-3833f9929cbf,update dikit update sih males downloadnya ya game seru,3,0,2025-03-26 08:57:19,5.5
b3f555b1-5913-4e25-b790-281ef219b009,habis update main,3,0,2025-03-26 08:47:36,5.5
87002231-7f20-47d7-8c8f-d06660b24478,habis fikri sistem pity genshin maksud kalah rate ons yh kali banner woy,3,0,2025-03-26 08:37:04,5.5
c49f5ddc-97ee-45a5-92b0-add697a6958d,gamenya overrated,3,0,2025-03-26 08:02:24,5.5
b2b30541-3a11-4fd1-8003-0281af5aa0a6,bintang segi open world keren banget kurang nya dialog cerita panjang kasihan player nya cuman log-in hadiah nya sesuai quest nya banget minimal kasih sesuai jerih payah player batas resin banyak minimal isi ulang rang butuh build karakter weapon artefak dll,3,0,2025-03-26 07:59:05,5.5
7349b902-a9eb-471b-acc7-d23e39e5eb78,adain skip cakap sceen la bet,3,0,2025-03-26 07:22:07,5.5
ce6e9818-e3f5-430f-b0b5-e883b8689b44,update nya maksaa bangettt,1,0,2025-03-26 06:25:46,5.5
82e8146a-93a5-4624-92ee-46b0d9e9a51e,ngotak pengunduan data anjir gb pas dowload ud gb reset,1,0,2025-03-26 06:23:12,5.5
b450083c-9dfb-4142-8e16-8bfc20d46ca7,banyakin char cowok woi game barbie,2,0,2025-03-26 06:12:09,5.5
19be504b-2332-484d-86bf-e29366fed423,tolong dengar feedback player,1,0,2025-03-26 06:05:22,5.5
cfe90f73-15f9-42ab-b25c-88dff0b6c03e,cerita bolak loading eh disconnect,2,3,2025-03-26 05:35:03,5.5
